recordNo,Order ID,accountType,uniqueID,lastName,billingSelection,agencyType,bookingAgency,billingAgency,customerContact,package,orderStatus,PONumber,orderNote,urgentNote,salesPerson,salesTerritory,title,publication,section,subsection,zones,regionalCopySplit,copySplit,addDate,module,colour,productionNote,positionrequests,pagerequests,freereasons,yield,revenue,contractTotalValue,authCode
101,,Direct Advertiser,001D000000j2n1WIAQ,Lidl UK GmbH,Direct,,,,Rob Graham,DM Display,Normal,TBC,Sample Test after data refresh,,Michael Burgess,QJ,Daily Mail,Daily Mail Display,Front Half MD,None,08. National ex N Ire,,N,2017-03-07,25x4,M,,,,,,2000,,7ZP6RJ
102,,Client,001D000000j2msBIAQ,Sainsbury's Supermarkets Ltd,Via Agency,Booking Agency,PHD Media Ltd,PHD Media Ltd,Holly David,DM Display,Normal,TBC,Sample Test after data refresh,,Michelle Harman,QQ,Daily Mail,Daily Mail Display,Front Half MD,None,01. National,,N,2017-03-07,36x7,C,,,,,,2000,,TbG5PP
103,,Client,001D000000lcQTYIA2,High Seat Ltd,Via Agency,Booking Agency,Hub-mdp Ltd,Hub-mdp Ltd,Neil Pickering,DM Display,Provisional,TBC,Sample Test after data refresh,,Michael Burgess,QUU,Daily Mail,Daily Mail Display,Front Half MD,"Page 5, 7, 9 MD",01. National,,N,2017-03-07,20x3,M,,,,,,2000,,NeJZg2
104,,Client,001D000000yvrmeIAA,World Horse Welfare,Via Agency,Booking Agency,TCS Media Planning & Buying Ltd,TCS Media Planning & Buying Ltd,Alan Hall,DM Display,Normal,TBC,Sample Test after data refresh,,Michelle Harman,QXX,Daily Mail,Daily Mail Display,Front Half MD,None,01. National,,N,2017-03-07,20x2,C,,,,,,2000,,yFejSC
105,,Client,001D000000lcQPAIA2,Old English Inns & Hotels (Greene King),Via Agency,Booking Agency,Media Managers Ltd Cambridge,Media Managers Ltd Cambridge,Becky Woodward,DM Display,Normal,TBC,Sample Test after data refresh,,Michael Burgess,QZZ,Daily Mail,Daily Mail Display,Front Half MD,None,01. National,,N,2017-03-07,20x2,M,,,,,,2000,,FkK73y
106,,Client,001D000000l5TGnIAM,Suzuki GB Plc,Via Agency,Booking Agency,The 7 Stars Llp,The 7 Stars Llp,Sophie Crosbie,DM Display,Normal,TBC,Sample Test after data refresh,,Michelle Harman,RECRUITMENT 1,Daily Mail,Daily Mail Display,Front Half MD,None,01. National,,N,2017-03-07,18x7,C,,,,,,2000,,Myb8fx
107,,Client,001D000000j33CfIAI,Barclays Bank Plc,Via Agency,Booking Agency,Maxus,Maxus,Tim Grayburn,DM Display,Normal,TBC,Sample Test after data refresh,,Michael Burgess,S1,Daily Mail,Daily Mail Display,Front Half MD,None,01. National,,N,2017-03-07,18x7,M,,,,,,2000,,HfiXq4
108,,Client,001D000000lcQTYIA2,High Seat Ltd,Via Agency,Booking Agency,Hub-mdp Ltd,Hub-mdp Ltd,Neil Pickering,DM Display,Provisional,TBC,Sample Test after data refresh,,Michelle Harman,S11,Daily Mail,Daily Mail Display,Front Half MD,None,01. National,,N,2017-03-07,25x4,C,,,,,,2000,,biptMk
109,,Client,001D000000j2myMIAQ,Ford Motor Company Ltd,Via Agency,Booking Agency,Mindshare Media Uk Ltd,Mindshare Media Uk Ltd,Ben Maslen,DM Display,Normal,TBC,Sample Test after data refresh,,Michael Burgess,S13,Daily Mail,Daily Mail Display,Front Half MD,None,01. National,,N,2017-03-07,36x7,M,,,,,,2000,,U8wJMQ
110,,Client,001D000000j2n07IAA,Harveys Furnishing Group Ltd,Via Agency,Booking Agency,RP2 Global,RP2 Global,Ruth Taylor,DM Display,Normal,TBC,Sample Test after data refresh,,Michelle Harman,S14,Daily Mail,Daily Mail Display,Front Half MD,None,01. National,,Y,2017-03-07,25x4,C,,,,,,2000,,prDUkl
111,,Direct Advertiser,001D000000lcPfxIAE,Santa Maria Golf & Country C,Direct,,,,Alfredo Romiro Oregui,DM Display,Normal,TBC,Sample Test after data refresh,,Michael Burgess,S15,Daily Mail,Daily Mail International,ROP MD,None,"02. Madrid, Majorca, Tenerife",,N,2017-03-07,18x7,M,,,,,,2000,,7LX1rQ
112,,Brand,001D000000ug2dnIAA,Bay Hotels,Agency,Booking Agency,MEC Manchester,MEC,Stephen Bullivant,DM Display,Provisional,TBC,Sample Test after data refresh,,Michelle Harman,S2,Daily Mail,Daily Mail Display,Front Half MD,None,01. National,,N,2017-03-07,20x3,C,,,,,,2000,,6piJKB
113,,Brand,001D0000011CiL5IAK,Coast & Country Hotels,Agency,Booking Agency,MEC Manchester,MEC,Stephen Bullivant,DM Display,Provisional,TBC,Sample Test after data refresh,,Michael Burgess,S3,Daily Mail,Daily Mail Display,Front Half MD,None,01. National,,N,2017-03-07,20x3,M,,,,,,2000,,7rWlaK
114,,Brand,001D000000tkhbVIAQ,HM Revenue and Customs,Agency,Booking Agency,M4C,M4C,Luisa Parginou,DM Display,Normal,TBC,Sample Test after data refresh,,Michelle Harman,S4,Daily Mail,Daily Mail Display,City MD,None,01. National,,N,2017-03-07,25x4,C,,,,,,2000,,wrHHq6
115,,Client,001D000000j2muSIAQ,B & Q Plc,Via Agency,Booking Agency,MEC,MEC,Toby Ejsmond-Frey,DM Display,Normal,TBC,Sample Test after data refresh,,Michael Burgess,S5,Daily Mail,Daily Mail Display,Front Half MD,None,08. National ex N Ire,,N,2017-03-07,25x4,C,,,,,,2000,,DutiuM
116,,Direct Advertiser,001D000000j2moNIAQ,Live Nation (Music) UK Ltd,Via Agency,Booking Agency,Sold Out Advertising,Sold Out Advertising,Helen Dodds,DM Display,Normal,TBC,Sample Test after data refresh,,Michelle Harman,S6,Daily Mail,Daily Mail Display,Front Half MD,None,01. National,,N,2017-03-07,36x7,C,,,,,,2000,,ABCnwH
117,,Brand,001D000001MVLAyIAP,Made in Dagenham,Agency,Booking Agency,AKA Promotions Ltd,AKA Promotions Ltd,Zoe Brown,DM Display,Normal,TBC,Sample Test after data refresh,,Michael Burgess,S7,Daily Mail,Daily Mail Display,Front Half MD,"Page 5, 7, 9 MD",01. National,,N,2017-03-07,20x3,C,,,,,,2000,,iHmh9N
118,,Client,001D000000yvsT6IAI,SJM Concert Promoter,Via Agency,Booking Agency,Sold Out Advertising,Sold Out Advertising,Adrian Francis,DM Display,Normal,TBC,Sample Test after data refresh,,Michelle Harman,S8,Daily Mail,Daily Mail Display,Front Half MD,None,01. National,,N,2017-03-07,20x2,C,,,,,,2000,,gVTf7D
119,,Client,001D000000j2mqPIAQ,O2 UK Ltd,Via Agency,Booking Agency,Zenithoptimedia Services,Zenithoptimedia Services,Louise Fava,DM Display,Normal,TBC,Sample Test after data refresh,,Michael Burgess,Sam Bevan,Daily Mail,Daily Mail Display,Front Half MD,None,01. National,,N,2017-03-07,20x2,C,,,,,,2000,,EgdlP4
120,,Direct Advertiser,001D000000j2moNIAQ,Live Nation (Music) UK Ltd,Via Agency,Booking Agency,Sold Out Advertising,Sold Out Advertising,Helen Dodds,DM Display,Normal,TBC,Sample Test after data refresh,,Michelle Harman,SCOT 1,Daily Mail,Daily Mail Display,Front Half MD,None,02. North,,N,2017-03-07,25x4,C,,,,,,2000,,FWjI1f
121,,Brand,001D000001LIqZ7IAL,Ambassador Theatre,Agency,Booking Agency,TCS Media Planning & Buying Ltd,TCS Media Planning & Buying Ltd,Peter Smith,DM Display,Normal,TBC,Sample Test after data refresh,,Michael Burgess,SCOT 2,Daily Mail,Daily Mail Display,Front Half MD,None,01. National,,N,2017-03-07,18x7,C,,,,,,2000,,cOvhdS
122,,Direct Advertiser,001D000000j2moNIAQ,Live Nation (Music) UK Ltd,Via Agency,Booking Agency,Sold Out Advertising,Sold Out Advertising,Helen Dodds,DM Display,Normal,TBC,Sample Test after data refresh,,Michelle Harman,SENIOR 1,Daily Mail,Daily Mail Display,Front Half MD,None,01. National,,N,2017-03-07,18x7,C,,,,,,2000,,xtECL8
123,,Direct Advertiser,001D000000j2moNIAQ,Live Nation (Music) UK Ltd,Via Agency,Booking Agency,Sold Out Advertising,Sold Out Advertising,Helen Dodds,DM Display,Normal,TBC,Sample Test after data refresh,,Michael Burgess,SENIOR 2,Daily Mail,Daily Mail Display,Front Half MD,None,01. National,,N,2017-03-07,25x4,C,,,,,,2000,,Ff5yjC
124,,Direct Advertiser,001D000000j2mnTIAQ,AEG Europe,Via Agency,Booking Agency,Sold Out Advertising,Sold Out Advertising,Adrian Francis,DM Display,Normal,TBC,Sample Test after data refresh,,Michelle Harman,SENIOR 3,Daily Mail,Daily Mail Display,Front Half MD,None,01. National,,N,2017-03-07,36x7,C,,,,,,2000,,Xl8oUM
125,,Client,001D0000010swYFIAY,3A Entertainment Ltd,Via Agency,Booking Agency,TCS Media Planning & Buying Ltd,TCS Media Planning & Buying Ltd,Peter Smith,DM Display,Normal,TBC,Sample Test after data refresh,,Michael Burgess,Shane Smith,Daily Mail,Daily Mail Display,Front Half MD,None,01. National,,Y,2017-03-07,25x4,C,,,,,,2000,,830CeH
126,,Client,001D000000j2mvGIAQ,BT,Via Agency,Booking Agency,Maxus,Maxus,Laura Smith,DM Display,Normal,TBC,Sample Test after data refresh,,Michelle Harman,SPECIAL PROJECTS,Daily Mail,Daily Mail International,ROP MD,None,"02. Madrid, Majorca, Tenerife",,N,2017-03-07,18x7,C,,,,,,2000,,DYzbUE
127,,Client,001D000000j2mwuIAA,DFS Furniture Co Ltd,Via Agency,Booking Agency,Mediacom,Mediacom,Reg Kemble,DM Display,Normal,TBC,Sample Test after data refresh,,Michael Burgess,Steve Richardson,Daily Mail,Daily Mail Display,Front Half MD,None,01. National,,N,2017-03-07,20x3,C,,,,,,2000,,3vxa8x
128,,Brand,001D000000tkhbVIAQ,HM Revenue and Customs,Agency,Booking Agency,M4C,M4C,Luisa Parginou,DM Display,Normal,TBC,Sample Test after data refresh,,Michelle Harman,SYSTEMS 1,Daily Mail,Daily Mail Display,City MD,None,01. National,,N,2017-03-07,25x4,C,,,,,,2000,,xfXrgv
129,,Direct Advertiser,001D000000lbBoSIAU,Key Retirement Solutions Ltd,Via Agency,Booking Agency,Carat Manchester Ltd,Carat Manchester Ltd,Sandra Smith,DM Display,Normal,TBC,Sample Test after data refresh,,Michael Burgess,SYSTEMS 2,Daily Mail,Daily Mail Display,Front Half MD,None,08. National ex N Ire,,N,2017-03-07,25x4,C,,,,,,2000,,JOkuOY
130,,Client,001D000000lcQeEIAU,E-Lites,Via Agency,Booking Agency,All Response Media North,All Response Media Ltd,John Cooper,DM Display,Normal,TBC,Sample Test after data refresh,,Michelle Harman,Tom Lafferty,Daily Mail,Daily Mail Display,Front Half MD,None,01. National,,N,2017-03-07,36x7,C,,,,,,2000,,pbdG1U
131,,Client,001D000000lcQeEIAU,E-Lites,Via Agency,Booking Agency,All Response Media North,All Response Media Ltd,John Cooper,DM Display,Normal,TBC,Sample Test after data refresh,,Michael Burgess,TRAINING 1,Daily Mail,Daily Mail Display,Front Half MD,"Page 5, 7, 9 MD",01. National,,N,2017-03-07,20x3,C,,,,,,2000,,Y5PiGX
132,,Direct Advertiser,001D000000j2mnlIAA,Amazon UK Ltd,Via Agency,Booking Agency,Mediabrands,Mediabrands,Steve Hare,DM Display,Normal,TBC,Sample Test after data refresh,,Michelle Harman,TRAINING 2,Daily Mail,Daily Mail Display,Front Half MD,None,01. National,,N,2017-03-07,20x2,C,,,,,,2000,,deWiY5
133,,Client,001D000000j2mwDIAQ,COI Government Procurement Service Information Campaigns,Via Agency,Booking Agency,M4C,M4C,Adrian Pike,DM Display,Normal,TBC,Sample Test after data refresh,,Michael Burgess,TRAINING 3,Daily Mail,Daily Mail Display,Front Half MD,None,01. National,,N,2017-03-07,18x7,C,,,,,,2000,,HN2T5H
134,,Client,001D000000j2mlMIAQ,Halifax plc,Via Agency,Booking Agency,MEC,MEC,Susanna Zakarian,DM Display,Normal,TBC,Sample Test after data refresh,,Michelle Harman,UK TRAVEL 1,Daily Mail,Daily Mail Display,Front Half MD,None,01. National,,N,2017-03-07,18x7,C,,,,,,2000,,UeDc7L
135,,Client,001D000000oQGYzIAO,BlackRock Investment Management UK Ltd,Via Agency,Booking Agency,MEC,MEC,Rob Lynam,DM Display,Normal,TBC,Sample Test after data refresh,,Michael Burgess,UK TRAVEL 2,Daily Mail,Daily Mail Display,Front Half MD,None,01. National,,N,2017-03-07,25x4,C,,,,,,2000,,qFz4i7
136,,Client,001D000000j2mtiIAA,Vodafone UK Ltd,Via Agency,Booking Agency,OMD UK,OMD UK,Hannah Gething,DM Display,Normal,TBC,Sample Test after data refresh,,Michelle Harman,William Wilson,Daily Mail,Daily Mail Display,Front Half MD,None,01. National,,Y,2017-03-07,25x4,C,,,,,,2000,,t0iwHG
137,,Client,001D000000j2muLIAQ,Atlantis The Palm,Via Agency,Booking Agency,Walker Media Ltd,Walker Media Ltd,Philippa Denman,DM Display,Normal,TBC,Sample Test after data refresh,,Michael Burgess,INTERNATIONAL,Daily Mail,Daily Mail International,ROP MD,None,"02. Madrid, Majorca, Tenerife",,N,2017-03-07,18x7,C,,,,,,2000,,sg31uc
138,,Client,001D000000lvjJHIAY,Henderson Global Investors Ltd,Via Agency,Booking Agency,Ptarmigan Media Limited,Ptarmigan Media Limited,Jack Chetwynd,DM Display,Normal,TBC,Sample Test after data refresh,,Michelle Harman,Jahan Khan,Daily Mail,Daily Mail Display,Front Half MD,None,01. National,,N,2017-03-07,20x3,C,,,,,,2000,,cxJrRQ
139,,Client,001D000000j2mzTIAQ,Toyota Cars,Via Agency,Booking Agency,Zenithoptimedia Services,Zenithoptimedia Services,Abi Dempsey,DM Display,Normal,TBC,Sample Test after data refresh,,Michael Burgess,Jemma Strange,Daily Mail,Daily Mail Display,Front Half MD,None,08. National ex N Ire,,N,2017-03-07,25x4,C,,,,,,2000,,S678Z5
140,,Client,001D000000rqYuxIAE,SsangYong Motor Company,Via Agency,Booking Agency,Total Media Limited,Total Media Limited,Jacob Bellworthy,DM Display,Normal,TBC,Sample Test after data refresh,,Michelle Harman,Jethro Bremner-Allison,Daily Mail,Daily Mail Display,Front Half MD,None,01. National,,N,2017-03-07,36x7,C,,,,,,2000,,43SIQG
141,,Client,001D000000j2msZIAQ,Skoda,Via Agency,Booking Agency,Mediacom,Mediacom,Joe Broomfield,DM Display,Normal,TBC,Sample Test after data refresh,,Michael Burgess,Jo Dixon,Daily Mail,Daily Mail Display,Front Half MD,"Page 5, 7, 9 MD",01. National,,N,2017-03-07,20x3,C,,,,,,2000,,aK9KE2
142,,Client,001D000000j2mygIAA,Superdrug,Via Agency,Booking Agency,Mindshare Media Uk Ltd,Mindshare Media Uk Ltd,Layla Daer,DM Display,Normal,TBC,Sample Test after data refresh,,Michelle Harman,Joanna Bell,Daily Mail,Daily Mail Display,Front Half MD,None,01. National,,N,2017-03-07,20x2,C,,,,,,2000,,8SBS8g
143,,Client,001D000001Ex9M4IAJ,MG,Via Agency,Booking Agency,Mediacom Birmingham,Mediacom Manchester,David Emery,DM Display,Normal,TBC,Sample Test after data refresh,,Michael Burgess,Jonathan Horwood,Daily Mail,Daily Mail Display,Front Half MD,None,01. National,,N,2017-03-07,20x2,C,,,,,,2000,,B9GKIA
144,,Client,001D000001OeenOIAR,Fundsmith Llp,Via Agency,Booking Agency,Ptarmigan Media Limited,Ptarmigan Media Limited,Mark Ashley,DM Display,Normal,TBC,Sample Test after data refresh,,Michelle Harman,Karen Cox,Daily Mail,Daily Mail Display,Front Half MD,None,02. North,,N,2017-03-07,25x4,C,,,,,,2000,,xdjvt5
145,,Client,001D000001AreIAIAZ,TSB Bank,Via Agency,Booking Agency,Manning Gottlieb OMD,OMD UK,Rachael Anderson,DM Display,Normal,TBC,Sample Test after data refresh,,Michael Burgess,Kate Miello,Daily Mail,Daily Mail Display,Front Half MD,None,01. National,,N,2017-03-07,18x7,C,,,,,,2000,,GowJE4
146,,Client,001D000000j2mqPIAQ,O2 UK Ltd,Via Agency,Booking Agency,Zenithoptimedia Services,Zenithoptimedia Services,Louise Fava,DM Display,Normal,TBC,Sample Test after data refresh,,Michelle Harman,KIM,Daily Mail,Daily Mail Display,Front Half MD,None,01. National,,N,2017-03-07,18x7,C,,,,,,2000,,bmWdZ7
147,,Client,001D0000011DccIIAS,Reckitt Benckiser Household,Via Agency,Booking Agency,Zenithoptimedia Services,Zenithoptimedia Services,Jonathan Mansoor,DM Display,Normal,TBC,Sample Test after data refresh,,Michael Burgess,Kirsty Nayar,Daily Mail,Daily Mail Display,Front Half MD,None,01. National,,N,2017-03-07,25x4,C,,,,,,2000,,hKSR9q
148,,Client,001D000000j2mprIAA,Nationwide Building Society,Via Agency,Booking Agency,Havas Media,Havas Media,Ben Chadd,DM Display,Normal,TBC,Sample Test after data refresh,,Michelle Harman,Laurie Scudder,Daily Mail,Daily Mail Display,Front Half MD,None,01. National,,N,2017-03-07,36x7,C,,,,,,2000,,IIuiRk
149,,Brand,001D0000010tGKoIAM,Femcare,Agency,Booking Agency,Mediacom,Mediacom,Monica Chan,DM Display,Normal,TBC,Sample Test after data refresh,,Michael Burgess,Lesley Kerr,Daily Mail,Daily Mail Display,Front Half MD,None,01. National,,Y,2017-03-07,25x4,C,,,,,,2000,,cbh8FD
150,,Client,001D000000n2R8aIAE,Robert Bosch Ltd,Via Agency,Booking Agency,Mediacom,Mediacom,Adam Cluett,DM Display,Normal,TBC,Sample Test after data refresh,,Michelle Harman,Linda Mason,Daily Mail,Daily Mail Display,Front Half MD,None,01. National,,N,2017-03-07,20x3,C,,,,,,2000,,rZdxSc
151,,Brand,001D000000yQiFiIAK,Duracell,Agency,Booking Agency,Mediacom,Mediacom,Rachel Longman,DM Display,Normal,TBC,Sample Test after data refresh,,Michael Burgess,Louise Anderson,Daily Mail,Daily Mail Display,Front Half MD,None,01. National,,N,2017-03-07,20x3,C,,,,,,2000,,97Smlw
152,,Client,001D000000j2moQIAQ,Lloyds Bank,Via Agency,Booking Agency,MEC,MEC,Lucy Hubbard,DM Display,Normal,TBC,Sample Test after data refresh,,Michelle Harman,Luke Manning,Daily Mail,Daily Mail Display,City MD,None,01. National,,N,2017-03-07,25x4,C,,,,,,2000,,Jx5p58
153,,Client,001D000000j2msBIAQ,Sainsbury's Supermarkets Ltd,Via Agency,Booking Agency,PHD Media Ltd,PHD Media Ltd,Holly David,DM Display,Normal,TBC,Sample Test after data refresh,,Michael Burgess,Lynn Kane,Daily Mail,Daily Mail Display,Front Half MD,None,08. National ex N Ire,,N,2017-03-07,25x4,C,,,,,,2000,,cNPd46
154,,Brand,001D000000j2mo8IAA,Asda Food Range,Agency,Booking Agency,Carat Ltd,Carat Ltd,Ashleigh Peters,DM Display,Normal,TBC,Sample Test after data refresh,,Michelle Harman,MAGAZINE GROUP,Daily Mail,Daily Mail Display,Front Half MD,None,01. National,,N,2017-03-07,36x7,C,,,,,,2000,,wpeNdr
155,,Client,001D000000j2moIIAQ,Lindt and Sprungli,Via Agency,Booking Agency,Mediacom,Mediacom,Polly Mason,DM Display,Normal,TBC,Sample Test after data refresh,,Michael Burgess,Mail Display Client Team Finance,Daily Mail,Daily Mail Display,Front Half MD,"Page 5, 7, 9 MD",01. National,,N,2017-03-07,20x3,C,,,,,,2000,,NUW7Cy
156,,Direct Advertiser,001D000000n094AIAQ,Marks & Spencer Group Plc,Via Agency,Booking Agency,Mindshare Media Uk Ltd,Mindshare Media Uk Ltd,Zara Ward,DM Display,Normal,TBC,Sample Test after data refresh,,Michelle Harman,Mail Display Client Team Luxury Goods,Daily Mail,Daily Mail Display,Front Half MD,None,01. National,,N,2017-03-07,20x2,C,,,,,,2000,,CYQmjj
157,,Client,001D000000j2mmbIAA,Kenwood Appliances,Via Agency,Booking Agency,Mediacom,Mediacom,Polly Mason,DM Display,Normal,TBC,Sample Test after data refresh,,Michael Burgess,Mail Display Client Team Motors,Daily Mail,Daily Mail Display,Front Half MD,None,01. National,,N,2017-03-07,20x2,C,,,,,,2000,,tjwpRa
158,,Direct Advertiser,001D000000yvpV3IAI,Kenneth Green Associates,Via Agency,Booking Agency,Carat Ltd,Carat Ltd,Alex Wilson,DM Display,Normal,TBC,Sample Test after data refresh,,Michelle Harman,Mail Display Client Team Retail,Daily Mail,Daily Mail Display,Front Half MD,None,08. National ex N Ire,,N,2017-03-07,25x4,C,,,,,,2000,,BN0D3K
159,,Direct Advertiser,001D000000yvpV3IAI,Kenneth Green Associates,Via Agency,Booking Agency,Carat Ltd,Carat Ltd,Alex Wilson,DM Display,Normal,TBC,Sample Test after data refresh,,Michael Burgess,Mail Display Client Team Travel,Daily Mail,Daily Mail Display,Front Half MD,None,01. National,,N,2017-03-07,36x7,C,,,,,,2000,,lBG55M
160,,Direct Advertiser,001D000000j2mw2IAA,Clarins UK Ltd,Via Agency,Booking Agency,Zenithoptimedia Services,Zenithoptimedia Services,Natalie Grant,DM Display,Normal,TBC,Sample Test after data refresh,,Michelle Harman,Mail Display House Ads,Daily Mail,Daily Mail Display,Front Half MD,"Page 5, 7, 9 MD",01. National,,N,2017-03-07,20x3,C,,,,,,2000,,sZmzfG
161,,Brand,001D0000010tGtlIAE,Pantene,Agency,Booking Agency,Mediacom,Mediacom,David Flowerdew,DM Display,Normal,TBC,Sample Test after data refresh,,Michael Burgess,Mail Display Inserts,Daily Mail,Daily Mail Display,Front Half MD,None,01. National,,N,2017-03-07,20x2,C,,,,,,2000,,6fbL0N
162,,Brand,001D0000010tGisIAE,Nice'n Easy,Agency,Booking Agency,Mediacom,Mediacom,David Flowerdew,DM Display,Normal,TBC,Sample Test after data refresh,,Michelle Harman,Mail Display International Foreign Ads,Daily Mail,Daily Mail Display,Front Half MD,None,01. National,,N,2017-03-07,20x2,C,,,,,,2000,,0WIKmV
163,,Direct Advertiser,001D000000j2myhIAA,Swarovski UK Ltd,Via Agency,Booking Agency,Zenithoptimedia Services,Zenithoptimedia Services,Victoria Delaney,DM Display,Normal,TBC,Sample Test after data refresh,,Michael Burgess,Mail Display International London,Daily Mail,Daily Mail Display,Front Half MD,None,02. North,,N,2017-03-07,25x4,C,,,,,,2000,,52M5i0
164,,Client,001D000000l3tjTIAQ,Furniture Village,Via Agency,Booking Agency,TMW Ltd,TMW Ltd,Chris Tomes,DM Display,Normal,TBC,Sample Test after data refresh,,Michelle Harman,Mail Display Make Up,Daily Mail,Daily Mail Display,Front Half MD,None,01. National,,N,2017-03-07,18x7,C,,,,,,2000,,NIfED3
165,,Client,001D000000nMDOUIA4,Notonthehighstreet Enterprises Ltd,Via Agency,Booking Agency,M2M,OMD UK,Joann Mizikiris,DM Display,Normal,TBC,Sample Test after data refresh,,Michael Burgess,Mail Display Manchester,Daily Mail,Daily Mail Display,Front Half MD,None,01. National,,N,2017-03-07,25x4,C,,,,,,2000,,0oBAuR
166,,Client,001D000000yvtK7IAI,The White Company,Via Agency,Booking Agency,Rapp Ltd,Rapp Ltd,Zac Abbott,DM Display,Normal,TBC,Sample Test after data refresh,,Michelle Harman,Mail Display Scotland,Daily Mail,Daily Mail Display,Front Half MD,None,01. National,,N,2017-03-07,36x7,C,,,,,,2000,,9Db5ti
167,,Client,001D000000tkhbtIAA,Links Of London,Via Agency,Booking Agency,M2M,OMD UK,Joann Mizikiris,DM Display,Normal,TBC,Sample Test after data refresh,,Michael Burgess,Mail Display Solutions,Daily Mail,Daily Mail Display,Front Half MD,None,01. National,,Y,2017-03-07,25x4,C,,,,,,2000,,Suj1ct
168,,Client,001D000001LJDfcIAH,Sofaworks Ltd,Via Agency,Booking Agency,Carat North,Carat Ltd,Kerry Ford,DM Display,Normal,TBC,Sample Test after data refresh,,Michelle Harman,Mail Display Systems,Daily Mail,Daily Mail International,ROP MD,None,"02. Madrid, Majorca, Tenerife",,N,2017-03-07,18x7,C,,,,,,2000,,ZkCJw4
169,,Brand,001D000000l2muMIAQ,Ernest Jones Ltd,Agency,Booking Agency,The 7 Stars Llp,The 7 Stars Llp,George Dellow,DM Display,Normal,TBC,Sample Test after data refresh,,Michael Burgess,Mail Display Trading Team A,Daily Mail,Daily Mail Display,Front Half MD,None,01. National,,N,2017-03-07,20x3,C,,,,,,2000,,UKSwh9
170,,Client,001D000000j2mzkIAA,Ghd,Via Agency,Booking Agency,Carat Manchester Ltd,Carat Manchester Ltd,Hayley Cox,DM Display,Normal,TBC,Sample Test after data refresh,,Michelle Harman,Mail Display Trading Team B,Daily Mail,Daily Mail Display,Front Half MD,None,01. National,,N,2017-03-07,20x3,C,,,,,,2000,,kGO4Xt
171,,Direct Advertiser,001D000000j2mtoIAA,Waitrose Ltd,Via Agency,Booking Agency,Manning Gottlieb OMD,OMD UK,Harriet Fisher,DM Display,Normal,TBC,Sample Test after data refresh,,Michael Burgess,Mail Display Trading Team C,Daily Mail,Daily Mail Display,City MD,None,01. National,,N,2017-03-07,25x4,C,,,,,,2000,,oUZq6O
172,,Client,001D000000j33CWIAY,Accurist Watches Ltd,Via Agency,Booking Agency,John Ayling & Associates Ltd,John Ayling & Associates Ltd,Richard Temple,DM Display,Normal,TBC,Sample Test after data refresh,,Michelle Harman,MAIL ORDER 1,Daily Mail,Daily Mail Display,Front Half MD,None,01. National,,N,2017-03-07,36x7,C,,,,,,2000,,swZDOH
173,,Brand,001D000000j2muzIAA,Boots the Chemists,Agency,Booking Agency,OMD UK,OMD UK,Louis Mayne,DM Display,Normal,TBC,Sample Test after data refresh,,Michael Burgess,MAIL ORDER 2,Daily Mail,Daily Mail Display,Front Half MD,"Page 5, 7, 9 MD",01. National,,N,2017-03-07,20x3,C,,,,,,2000,,15OHl7
174,,Client,001D000000ld30iIAA,Neville Johnson Ltd,Via Agency,Booking Agency,Carat Manchester Ltd,Carat Manchester Ltd,Laura Jones,DM Display,Normal,TBC,Sample Test after data refresh,,Michelle Harman,MANC 1,Daily Mail,Daily Mail Display,Front Half MD,None,01. National,,N,2017-03-07,20x2,C,,,,,,2000,,BEaZTd
175,,Brand,001D000000j2mysIAA,Tesco Supermarkets,Agency,Booking Agency,Mediabrands,Mediabrands,Jon Hill,DM Display,Normal,TBC,Sample Test after data refresh,,Michael Burgess,MANC 2,Daily Mail,Daily Mail Display,Front Half MD,None,01. National,,N,2017-03-07,20x2,C,,,,,,2000,,dLI8h5
176,,Client,001D000000j2mzTIAQ,Toyota Cars,Via Agency,Booking Agency,Zenithoptimedia Services,Zenithoptimedia Services,Abi Dempsey,DM Display,Normal,TBC,Sample Test after data refresh,,Michelle Harman,Marie Dickens,Daily Mail,Daily Mail Display,Front Half MD,None,02. North,,N,2017-03-07,25x4,C,,,,,,2000,,w3eygY
177,,Client,001D000000ro7mOIAQ,YouView TV Ltd,Via Agency,Booking Agency,OMD UK,OMD UK,Patrick Dolan,DM Display,Normal,TBC,Sample Test after data refresh,,Michael Burgess,MARKETING,Daily Mail,Daily Mail Display,Front Half MD,None,01. National,,N,2017-03-07,18x7,C,,,,,,2000,,88ON4f
178,,Client,001D000000j2mwSIAQ,Coty UK,Via Agency,Booking Agency,OMD UK,OMD UK,Patrick Dolan,DM Display,Normal,TBC,Sample Test after data refresh,,Michelle Harman,Martin Watchorn,Daily Mail,Daily Mail Display,Front Half MD,None,01. National,,N,2017-03-07,18x7,C,,,,,,2000,,YIET3I
179,,Client,001D000000vPa2eIAC,JP Boden & Company Ltd,Via Agency,Booking Agency,Havas Media,Havas Media,Becky Markham,DM Display,Normal,TBC,Sample Test after data refresh,,Michael Burgess,MEDIALINK MANCHESTER,Daily Mail,Daily Mail Display,Front Half MD,None,01. National,,N,2017-03-07,25x4,C,,,,,,2000,,uRiTx6
180,,Client,001D000000j2mxTIAQ,Elizabeth Arden UK Ltd,Via Agency,Booking Agency,PHD Media Ltd,PHD Media Ltd,Maxine Petty,DM Display,Normal,TBC,Sample Test after data refresh,,Michelle Harman,MEDIALINK SCOTLAND,Daily Mail,Daily Mail Display,Front Half MD,None,01. National,,N,2017-03-07,36x7,C,,,,,,2000,,vlzE6g
181,,Brand,001D000000j2muzIAA,Boots the Chemists,Agency,Booking Agency,OMD UK,OMD UK,Louis Mayne,DM Display,Normal,TBC,Sample Test after data refresh,,Michael Burgess,Melissa Pearson,Daily Mail,Daily Mail Display,Front Half MD,None,01. National,,Y,2017-03-07,25x4,C,,,,,,2000,,2XSKvl
182,,Brand,001D0000011DjTqIAK,John Lewis Insurance,Agency,Booking Agency,Manning Gottlieb OMD,OMD UK,Laura Keogh,DM Display,Normal,TBC,Sample Test after data refresh,,Michelle Harman,Michelle Harman,Daily Mail,Daily Mail International,ROP MD,None,"02. Madrid, Majorca, Tenerife",,N,2017-03-07,18x7,C,,,,,,2000,,CIkJje
183,,Brand,001D0000011DjTqIAK,John Lewis Insurance,Agency,Booking Agency,Manning Gottlieb OMD,OMD UK,Laura Keogh,DM Display,Normal,TBC,Sample Test after data refresh,,Michael Burgess,O/S TRAVEL 1,Daily Mail,Daily Mail Display,Front Half MD,None,01. National,,N,2017-03-07,20x3,C,,,,,,2000,,Y7BvAN
184,,Client,001D000000yvsaEIAQ,Dixons Stores,Via Agency,Booking Agency,Walker Media Ltd,Walker Media Ltd,Tom Coles,DM Display,Normal,TBC,Sample Test after data refresh,,Michelle Harman,O/S TRAVEL 2,Daily Mail,Daily Mail Display,City MD,None,01. National,,N,2017-03-07,25x4,C,,,,,,2000,,JLaI59
185,,Client,001D000000j2mvGIAQ,BT,Via Agency,Booking Agency,Maxus,Maxus,Leanne Young,DM Display,Normal,TBC,Sample Test after data refresh,,Michael Burgess,Oscar Matienzo,Daily Mail,Daily Mail Display,Front Half MD,None,08. National ex N Ire,,N,2017-03-07,25x4,C,,,,,,2000,,qj9FGA
186,,Client,001D000000jvV1WIAU,Liverpool Victoria Friendly Society,Via Agency,Booking Agency,Carat Ltd,Carat Ltd,Emma Hutchinson,DM Display,Normal,TBC,Sample Test after data refresh,,Michelle Harman,Patsy Ramsay,Daily Mail,Daily Mail Display,Front Half MD,None,01. National,,N,2017-03-07,36x7,C,,,,,,2000,,5UJxSU
187,,Client,001D000000lcPpYIAU,Cotton Traders Ltd,Via Agency,Booking Agency,Mediability LLP,Mediability LLP,Mike Edge,DM Display,Normal,TBC,Sample Test after data refresh,,Michael Burgess,Paul Darragh,Daily Mail,Daily Mail Display,Front Half MD,"Page 5, 7, 9 MD",01. National,,N,2017-03-07,20x3,C,,,,,,2000,,t4wNwy
188,,Client,001D000000lunsmIAA,Damart UK Ltd,Via Agency,Booking Agency,Mediacom Manchester,Mediacom Manchester,John Rowland,DM Display,Normal,TBC,Sample Test after data refresh,,Michelle Harman,Peter Davenport,Daily Mail,Daily Mail Display,Front Half MD,None,01. National,,N,2017-03-07,20x2,C,,,,,,2000,,cFo831
189,,Client,001D000000l5T9QIAU,Great Rail Journeys Ltd,Via Agency,Booking Agency,Mediacom Leeds,Mediacom Manchester,Chris Quinn,DM Display,Normal,TBC,Sample Test after data refresh,,Michael Burgess,Peter Marshall,Daily Mail,Daily Mail Display,Front Half MD,None,01. National,,N,2017-03-07,20x2,C,,,,,,2000,,3Df8tB
190,,Client,001D000000j2n6uIAA,Bradford Exchange,Via Agency,Booking Agency,Media Campaign Ltd,Media Campaign Ltd,John Barker,DM Display,Normal,TBC,Sample Test after data refresh,,Michelle Harman,PROD1,Daily Mail,Daily Mail Display,Front Half MD,None,02. North,,N,2017-03-07,25x4,C,,,,,,2000,,RN7hxq
191,,Client,001D000000lcQTYIA2,High Seat Ltd,Via Agency,Booking Agency,Hub-mdp Ltd,Hub-mdp Ltd,Neil Pickering,DM Display,Normal,TBC,Sample Test after data refresh,,Michael Burgess,PROD2,Daily Mail,Daily Mail Display,Front Half MD,None,01. National,,N,2017-03-07,18x7,C,,,,,,2000,,IbO6Pb
192,,Client,001D000000lcQTYIA2,High Seat Ltd,Via Agency,Booking Agency,Hub-mdp Ltd,Hub-mdp Ltd,Neil Pickering,DM Display,Normal,TBC,Sample Test after data refresh,,Michelle Harman,PROD3,Daily Mail,Daily Mail Display,Front Half MD,None,01. National,,N,2017-03-07,18x7,C,,,,,,2000,,b4t5qr
193,,Client,001D000000ld30i,Neville Johnson Ltd,Via Agency,Booking Agency,Carat Manchester Ltd,Carat Manchester Ltd,Sandra Smith,DM Display,Normal,TBC,Sample Test after data refresh,,Michael Burgess,PROD4,Daily Mail,Daily Mail Display,Front Half MD,None,01. National,,N,2017-03-07,25x4,C,,,,,,2000,,MuiUdJ
194,,Client,001D000000lugEh,SeaWorld Parks & Entertainment UK,Via Agency,Booking Agency,Mediabrands,Mediabrands,Steve Hare,DM Display,Normal,TBC,Sample Test after data refresh,,Michelle Harman,PROMOTIONS,Daily Mail,Daily Mail Display,Front Half MD,None,01. National,,N,2017-03-07,36x7,C,,,,,,2000,,22GjUU
195,,Direct Advertiser,001D000000j2msa,BSkyB,Via Agency,Booking Agency,Mediacom,Mediacom,Meghan Butcher,DM Display,Normal,TBC,Sample Test after data refresh,,Michael Burgess,PROPERTY 1,Daily Mail,Daily Mail Display,Front Half MD,None,01. National,,Y,2017-03-07,25x4,C,,,,,,2000,,5vSlJB
196,,Client,001D000000lcPui,McCarthy & Stone,Via Agency,Booking Agency,Carat Ltd,Carat Ltd,Charlotte Allchin,DM Display,Normal,TBC,Sample Test after data refresh,,Michelle Harman,Q1,Daily Mail,Daily Mail International,ROP MD,None,"02. Madrid, Majorca, Tenerife",,N,2017-03-07,18x7,C,,,,,,2000,,cazzIA
197,,Client,001D000000wjMGu,Euronics Ltd,Via Agency,Booking Agency,Mostly Media Ltd,Mostly Media Ltd,James Thompson,DM Display,Normal,TBC,Sample Test after data refresh,,Michael Burgess,Q10,Daily Mail,Daily Mail Display,Front Half MD,None,01. National,,N,2017-03-07,20x3,C,,,,,,2000,,cV41mz
198,,Client,001D000000jvV1W,Liverpool Victoria Friendly Society,Via Agency,Booking Agency,Carat Ltd,Carat Ltd,Emma Hutchinson,DM Display,Normal,TBC,Sample Test after data refresh,,Michelle Harman,Q11,Daily Mail,Daily Mail Display,Front Half MD,None,01. National,,N,2017-03-07,20x3,C,,,,,,2000,,z85DMD
199,,Client,001D000000j2myW,Staples,Via Agency,Booking Agency,Carat Ltd,Carat Ltd,Charlotte Allchin,,Normal,TBC,Sample Test after data refresh,,Michael Burgess,Q12,Daily Mail,Daily Mail Display,Front Half MD,None,01. National,,N,2017-03-07,36x7,C,,,,,,2000,,6Uy0gz
200,,Client,001D000000lunsm,Damart UK Ltd,Via Agency,Booking Agency,Mediacom Manchester,Mediacom Manchester,John Rowland,,Normal,TBC,Sample Test after data refresh,,Michelle Harman,Q2,Daily Mail,Daily Mail Display,Front Half MD,"Page 5, 7, 9 MD",01. National,,N,2017-03-07,20x3,C,,,,,,2000,,h33epr
201,,Direct Advertiser,001D000000j2msa,BSkyB,Via Agency,Booking Agency,Mediacom,Mediacom,Meghan Butcher,,Normal,TBC,Sample Test after data refresh,,Michael Burgess,Q5,Daily Mail,Daily Mail Display,Front Half MD,None,01. National,,N,2017-03-07,20x2,C,,,,,,2000,,Qbx27b
202,,Client,001D000000lcPwS,Ortega Publishing Pty Ltd,Via Agency,Booking Agency,The Insert House Kent,The Insert House Kent,Nicola Baines,,Normal,TBC,Sample Test after data refresh,,Michelle Harman,Q8,Daily Mail,Daily Mail Display,Front Half MD,None,01. National,,N,2017-03-07,20x2,C,,,,,,2000,,oN7fcA
203,,Client,001D000000nhOFJ,Bents,Via Agency,Booking Agency,MEC Manchester,MEC,Cherry Jackson,,Normal,TBC,Sample Test after data refresh,,Michael Burgess,Q9,Daily Mail,Daily Mail Display,Front Half MD,None,02. North,,N,2017-03-07,25x4,C,,,,,,2000,,TDKvz1
204,,Direct Advertiser,001D000000j2mwl,Debenhams Plc,Via Agency,Booking Agency,Carat Ltd,Carat Ltd,Aideen O'Sullivan,,Normal,TBC,Sample Test after data refresh,,Michelle Harman,QA,Daily Mail,Daily Mail Display,Front Half MD,None,01. National,,N,2017-03-07,18x7,C,,,,,,2000,,Eqa3ou
205,,Client,001D000000n2S5l,Birmingham Royal Ballet,Via Agency,Booking Agency,TCS Media Planning & Buying Ltd,TCS Media Planning & Buying Ltd,Graham Watts,,Normal,TBC,Sample Test after data refresh,,Michael Burgess,QAA,Daily Mail,Daily Mail Display,Front Half MD,None,01. National,,N,2017-03-07,25x4,C,,,,,,2000,,s7zXrn
206,,Client,001D000000n2S5l,Birmingham Royal Ballet,Via Agency,Booking Agency,TCS Media Planning & Buying Ltd,TCS Media Planning & Buying Ltd,Graham Watts,,Normal,TBC,Sample Test after data refresh,,Michelle Harman,QAD,Daily Mail,Daily Mail Display,Front Half MD,None,01. National,,N,2017-03-07,36x7,C,,,,,,2000,,eE2db1
207,,Client,001D000000j2mrj,Raymond Gubbay Ltd,Via Agency,Booking Agency,TCS Media Planning & Buying Ltd,TCS Media Planning & Buying Ltd,Peter Smith,,Normal,TBC,Sample Test after data refresh,,Michael Burgess,QAE,Daily Mail,Daily Mail Display,Front Half MD,None,01. National,,Y,2017-03-07,25x4,C,,,,,,2000,,knvujp
208,,Client,001D000000n161v,IJT Direct,Via Agency,Booking Agency,TCS Media Planning & Buying Ltd,TCS Media Planning & Buying Ltd,Chris Brown,,Normal,TBC,Sample Test after data refresh,,Michelle Harman,QAF,Daily Mail,Daily Mail Display,Front Half MD,None,01. National,,N,2017-03-07,20x3,C,,,,,,2000,,691fJH
209,,Client,001D000001CHM5S,Owl Barn Gift Collection,Via Agency,Booking Agency,Media Elements Ltd,Media Campaign Ltd,Mark Anderson,,Normal,TBC,Sample Test after data refresh,,Michael Burgess,QAK,Daily Mail,Daily Mail Display,Front Half MD,None,01. National,,N,2017-03-07,20x3,C,,,,,,2000,,gJRQCg
210,,Client,001D000000j2mwu,DFS Furniture Co Ltd,Via Agency,Booking Agency,Mediacom,Mediacom,Reg Kemble,,Normal,TBC,Sample Test after data refresh,,Michelle Harman,QAS,Daily Mail,Daily Mail Display,City MD,None,01. National,,N,2017-03-07,25x4,C,,,,,,2000,,q2Opso
211,,Direct Advertiser,001D000000jwHck,Guide Dogs,Via Agency,Booking Agency,Rapp Ltd,Rapp Ltd,Katherine O'Dwyer,,Normal,TBC,Sample Test after data refresh,,Michael Burgess,QB,Daily Mail,Daily Mail Display,Front Half MD,None,01. National,,N,2017-03-07,20x3,C,,,,,,2000,,FO8zVd
212,,Direct Advertiser,001D000000j2n1WIAQ,Lidl UK GmbH,Direct,,,,Rob Graham,DM Display,Normal,TBC,Sample Test after data refresh,,Michelle Harman,QBB,Daily Mail,Daily Mail Display,Front Half MD,None,08. National ex N Ire,,N,2017-03-07,25x4,C,,,,,,2000,,sT2naN
213,,Client,001D000000j2msBIAQ,Sainsbury's Supermarkets Ltd,Via Agency,Booking Agency,PHD Media Ltd,PHD Media Ltd,Holly David,DM Display,Normal,TBC,Sample Test after data refresh,,Michael Burgess,QBC,Daily Mail,Daily Mail Display,Front Half MD,None,01. National,,N,2017-03-07,36x7,C,,,,,,2000,,k4TQZZ
214,,Client,001D000000lcQTYIA2,High Seat Ltd,Via Agency,Booking Agency,Hub-mdp Ltd,Hub-mdp Ltd,Neil Pickering,DM Display,Provisional,TBC,Sample Test after data refresh,,Michelle Harman,QBD,Daily Mail,Daily Mail Display,Front Half MD,"Page 5, 7, 9 MD",01. National,,N,2017-03-07,20x3,C,,,,,,2000,,XuOQR7
215,,Client,001D000000yvrmeIAA,World Horse Welfare,Via Agency,Booking Agency,TCS Media Planning & Buying Ltd,TCS Media Planning & Buying Ltd,Alan Hall,DM Display,Normal,TBC,Sample Test after data refresh,,Michael Burgess,QBE,Daily Mail,Daily Mail Display,Front Half MD,None,01. National,,N,2017-03-07,20x2,C,,,,,,2000,,NxI79G
216,,Client,001D000000lcQPAIA2,Old English Inns & Hotels (Greene King),Via Agency,Booking Agency,Media Managers Ltd Cambridge,Media Managers Ltd Cambridge,Becky Woodward,DM Display,Normal,TBC,Sample Test after data refresh,,Michelle Harman,QBF,Daily Mail,Daily Mail Display,Front Half MD,None,01. National,,N,2017-03-07,20x2,C,,,,,,2000,,IUDt9w
217,,Client,001D000000l5TGnIAM,Suzuki GB Plc,Via Agency,Booking Agency,The 7 Stars Llp,The 7 Stars Llp,Sophie Crosbie,DM Display,Normal,TBC,Sample Test after data refresh,,Michael Burgess,QBG,Daily Mail,Daily Mail Display,Front Half MD,None,01. National,,N,2017-03-07,18x7,C,,,,,,2000,,cOTdwm
218,,Client,001D000000j33CfIAI,Barclays Bank Plc,Via Agency,Booking Agency,Maxus,Maxus,Tim Grayburn,DM Display,Normal,TBC,Sample Test after data refresh,,Michelle Harman,QBJ,Daily Mail,Daily Mail Display,Front Half MD,None,01. National,,N,2017-03-07,18x7,C,,,,,,2000,,NTbaY0
219,,Client,001D000000lcQTYIA2,High Seat Ltd,Via Agency,Booking Agency,Hub-mdp Ltd,Hub-mdp Ltd,Neil Pickering,DM Display,Provisional,TBC,Sample Test after data refresh,,Michael Burgess,QBK,Daily Mail,Daily Mail Display,Front Half MD,None,01. National,,N,2017-03-07,25x4,C,,,,,,2000,,JN5Xg5
220,,Client,001D000000j2myMIAQ,Ford Motor Company Ltd,Via Agency,Booking Agency,Mindshare Media Uk Ltd,Mindshare Media Uk Ltd,Ben Maslen,DM Display,Normal,TBC,Sample Test after data refresh,,Michelle Harman,QC,Daily Mail,Daily Mail Display,Front Half MD,None,01. National,,N,2017-03-07,36x7,C,,,,,,2000,,I4XvcT
221,,Client,001D000000j2n07IAA,Harveys Furnishing Group Ltd,Via Agency,Booking Agency,RP2 Global,RP2 Global,Ruth Taylor,DM Display,Normal,TBC,Sample Test after data refresh,,Michael Burgess,QCC,Daily Mail,Daily Mail Display,Front Half MD,None,01. National,,Y,2017-03-07,25x4,C,,,,,,2000,,D8nhGp
222,,Direct Advertiser,001D000000lcPfxIAE,Santa Maria Golf & Country C,Direct,,,,Alfredo Romiro Oregui,DM Display,Normal,TBC,Sample Test after data refresh,,Michelle Harman,QD,Daily Mail,Daily Mail International,ROP MD,None,"02. Madrid, Majorca, Tenerife",,N,2017-03-07,18x7,C,,,,,,2000,,3ly2sD
223,,Brand,001D000000ug2dnIAA,Bay Hotels,Agency,Booking Agency,MEC Manchester,MEC,Stephen Bullivant,DM Display,Provisional,TBC,Sample Test after data refresh,,Michael Burgess,QE,Daily Mail,Daily Mail Display,Front Half MD,None,01. National,,N,2017-03-07,20x3,C,,,,,,2000,,GrbdOb
224,,Brand,001D0000011CiL5IAK,Coast & Country Hotels,Agency,Booking Agency,MEC Manchester,MEC,Stephen Bullivant,DM Display,Provisional,TBC,Sample Test after data refresh,,Michelle Harman,QF,Daily Mail,Daily Mail Display,Front Half MD,None,01. National,,N,2017-03-07,20x3,C,,,,,,2000,,d88dmt
225,,Brand,001D000000tkhbVIAQ,HM Revenue and Customs,Agency,Booking Agency,M4C,M4C,Luisa Parginou,DM Display,Normal,TBC,Sample Test after data refresh,,Michael Burgess,QG,Daily Mail,Daily Mail Display,City MD,None,01. National,,N,2017-03-07,25x4,C,,,,,,2000,,zbJoe7
